First Name,Last Name,Username,Password
Daryl,Cunningham,knowingdesigner94,qimY5acU
Myra,Wells,fullman42,mJI2FPl4
Henry,Casey,descriptiveassistance52,Gg5RqZyc
Steven,Howard,inconsequentialsalary2,3uJ7RE4q
Miley,Hill,pettyman94,NC1G7Fgr
Brianna,Johnson,steelcrack52,Ej5eiV9O
Tara,Riley,obedientexamination54,7dYIwEXH
Roland,Payne,elegantlake4,ZXxvDBLC
Marcus,Cameron,meatyset83,svJFtI7b
Luke,Harris,formalfeedback72,IrBLP55U
Daisy,Hawkins,assuredbranch51,fIHPjxpi
Kevin,Murray,plasticbeing82,ngRWN2ME
Clark,Evans,biodegradablewall3,TeAn86YW
Stuart,Hamilton,actualthing94,K5M5oySn
Vincent,Brown,scientificstudy30,u9elxwNF
Roland,Mitchell,agedessay9,W7XQDE5a
Lenny,Richardson,naivebeer20,BC2LWoEf
Derek,Brown,menacingsubstance97,apGnQLoq
Gianna,Cameron,glossysweet13,ebHx654G
Ted,Bailey,indeliblestaff27,QT7aQx5U
